Workbook

Sheet Synthèse
A1: SYNTHÈSE GÉNÉRALE — ANOMALIES CONTREPARTIES BOL ET PTA
A3: # | B3: BOL / ZONE | C3: NB. ANOMALIES | D3: FOURNISSEURS CONCERNÉS | E3: PRIORITÉ DOMINANTE | F3: PILOTE PRINCIPAL | G3: ACTIONS RÉALISÉES | H3: ACTIONS EN COURS | I3: AVANCEMENT MOYEN
A4: 1 | B4: BOL Floor-Habitacle 702 077 | C4: 5 | D4: DIVMAC / EMDEP | E4: HAUTE | F4: Service Technique / Fournisseur | G4: =COUNTIF('BOL Floor-Habitacle 702 077'!J5:J9,"Résolu") -> 3 | H4: =COUNTIF('BOL Floor-Habitacle 702 077'!J5:J9,"En cours") -> 2 | I4: =IFERROR(AVERAGE('BOL Floor-Habitacle 702 077'!L5:L9),"") -> 0.93
A5: 2 | B5: BOL Cabin-Principal 702 080 | C5: 8 | D5: DIVMAC / EMDEP | E5: HAUTE | F5: Service Technique / Fournisseur | G5: =COUNTIF('BOL Cabin-Principal 702 080'!J5:J12,"Résolu") -> 6 | H5: =COUNTIF('BOL Cabin-Principal 702 080'!J5:J12,"En cours") -> 2 | I5: =IFERROR(AVERAGE('BOL Cabin-Principal 702 080'!L5:L12),"") -> 0.95625
A6: 3 | B6: BOL Instrument B10 B05 702 086 | C6: 7 | D6: EMDEP | E6: HAUTE | F6: Service Technique / Fournisseur | G6: =COUNTIF('BOL Instrument B10 B05 702 086'!J5:J11,"Résolu") -> 4 | H6: =COUNTIF('BOL Instrument B10 B05 702 086'!J5:J11,"En cours") -> 3 | I6: =IFERROR(AVERAGE('BOL Instrument B10 B05 702 086'!L5:L11),"") -> 0.87142857
A7: 4 | B7: BOL Battery Management 702095 | C7: 2 | D7: EMDEP | E7: HAUTE | F7: Service Technique / Fournisseur | G7: =COUNTIF('BOL 702095 Battery Mgmt'!J5:J6,"Résolu") -> 0 | H7: =COUNTIF('BOL 702095 Battery Mgmt'!J5:J6,"En cours") -> 2 | I7: =IFERROR(AVERAGE('BOL 702095 Battery Mgmt'!L5:L6),"") -> 0.6
A8: 5 | B8: BOL DIVMAC Sous caisse | C8: 1 | D8: EMDEP | E8: HAUTE | F8: Service Technique / Fournisseur | G8: =COUNTIF('BOL DIVMAC Sous caisse'!J5:J6,"Résolu") -> 0 | H8: =COUNTIF('BOL DIVMAC Sous caisse'!J5:J6,"En cours") -> 1 | I8: =IFERROR(AVERAGE('BOL DIVMAC Sous caisse'!L5:L5),"") -> 0.62
A9: 6 | B9: BOL 702093 | C9: 2 | D9: EMDEP | E9: HAUTE | F9: Service Technique / Fournisseur | G9: =COUNTIF('BOL 702093'!J5:J6,"Résolu") -> 2 | H9: =COUNTIF('BOL 702093'!J5:J6,"En cours") -> 0 | I9: =IFERROR(AVERAGE('BOL 702093'!L5:L6),"") -> 1
A10: 7 | B10: PTA ROOF B05 B10 | C10: 1 | D10: KUFFERATH | E10: MOYENNE | F10: Service Technique / Fournisseur | G10: =COUNTIF(' PTA ROOF B05 B10'!J5:J5,"Résolu") -> 0 | H10: =COUNTIF(' PTA ROOF B05 B10'!J5:J5,"En cours") -> 1 | I10: =IFERROR(AVERAGE(' PTA ROOF B05 B10'!L5:L5),"") -> 0.6
A11: 8 | B11: PTA Câble Batterie 5 036 536 | C11: 1 | D11: KUFFERATH | E11: MOYENNE | F11: Service Technique / Fournisseur | G11: =COUNTIF('PTA Câble Batterie 5 036 536'!J5:J5,"Résolu") -> 1 | H11: =COUNTIF('PTA Câble Batterie 5 036 536'!J5:J5,"En cours") -> 0 | I11: =IFERROR(AVERAGE('PTA Câble Batterie 5 036 536'!L5:L5),"") -> 1
A12: 9 | B12: Planche Self 5 036 536 | C12: 1 | D12: KUFFERATH | E12: HAUTE | F12: Service Technique / Fournisseur | G12: =COUNTIF('Planche Self 5 036 536'!J5:J5,"Résolu") -> 0 | H12: =COUNTIF('Planche Self 5 036 536'!J5:J5,"En cours") -> 1 | I12: =IFERROR(AVERAGE('Planche Self 5 036 536'!L5:L5),"") -> 0.6
A13: 10 | B13: PTA 5 036 527 B10 Floor | C13: 1 | D13: EMDEP | E13: MOYENNE | F13: Service Technique / Fournisseur | G13: =COUNTIF(' PTA 5 036 527 B10 Floor'!J5:J5,"Résolu") -> 1 | H13: =COUNTIF(' PTA 5 036 527 B10 Floor'!J5:J5,"En cours") -> 0 | I13: =IFERROR(AVERAGE(' PTA 5 036 527 B10 Floor'!L5:L5),"") -> 0.6
A14: 11 | B14: BOL 702092 | C14: 2 | D14: EMDEP | E14: HAUTE | F14: Service Technique / Fournisseur | G14: =COUNTIF('BOL 702092'!J5:J9,"Résolu") -> 0 | H14: =COUNTIF('BOL 702092'!J5:J9,"En cours") -> 4 | I14: =IFERROR(AVERAGE('BOL 702092'!L5:L6),"") -> 0.55
A15: 12 | B15: LAD 508 → 583–586 | C15: 1 | D15: VISION INDUSTRIELLE | E15: HAUTE | F15: Service Technique / Fournisseur | G15: =COUNTIF('LAD 508 → 583–586 '!J5:J5,"Résolu") -> 0 | H15: =COUNTIF('LAD 508 → 583–586 '!J5:J5,"En cours") -> 1 | I15: =IFERROR(AVERAGE('LAD 508 → 583–586 '!L5:L5),"") -> 0.3
A16: 13 | B16: PTA 5 036 535 | C16: 1 | D16: EMDEP | E16: HAUTE | F16: Service Technique / Fournisseur | G16: =COUNTIF('PTA 5 036 535'!J5:J6,"Résolu") -> 1 | H16: =COUNTIF('PTA 5 036 535'!J5:J6,"En cours") -> 1 | I16: =IFERROR(AVERAGE('PTA 5 036 535'!L5:L5),"") -> 1
A17: 14 | B17: PTA Instrument B10 5 036 530 | C17: 2 | D17: EMDEP | E17: HAUTE | F17: Service Technique / Fournisseur | G17: =COUNTIF('PTA Instrument B10 5 036 530'!J5:J6,"Résolu") -> 0 | H17: =COUNTIF('PTA Instrument B10 5 036 530'!J5:J6,"En cours") -> 2 | I17: =IFERROR(AVERAGE('PTA Instrument B10 5 036 530'!L5:L6),"") -> 0.35
A18: 15 | B18: BOL 702087 | C18: 1 | D18: EMDEP | E18: HAUTE | F18: Service Technique / Fournisseur | G18: =COUNTIF('BOL 702087'!J5:J5,"Résolu") -> 0 | H18: =COUNTIF('BOL 702087'!J5:J5,"En cours") -> 1 | I18: =IFERROR(AVERAGE('BOL 702087'!L5:L5),"") -> 0.4
A19: 16 | B19: PTA Cabin Princ B10 | C19: 1 | D19: EMDEP | E19: HAUTE | F19: Service Technique / Fournisseur | G19: =COUNTIF('PTA Cabin Princ B10'!J5:J5,"Résolu") -> 0 | H19: =COUNTIF('PTA Cabin Princ B10'!J5:J5,"En cours") -> 1 | I19: =IFERROR(AVERAGE('PTA Cabin Princ B10'!L5:L5),"") -> 0.4
A20: TOTAL GÉNÉRAL | C20: =SUM(C4:C19) -> 37 | G20: =SUM(G4:G19) -> 18 | H20: =SUM(H4:H19) -> 22 | I20: =IFERROR(AVERAGE(I4:I19),"") -> 0.67360491
A21: Ce document synthétise les anomalies techniques relevées sur les contreparties des BOLs, réparties sur les zones Floor-Habitacle, Cabin-Principal et Instrument. Le détail de chaque anomalie — description technique, actions correctives proposées et illustration photographique — est disponible dans les onglets dédiés à chaque BOL.
A23: FOURNISSEUR | D23: NB. ANOMALIES | G23: % DU TOTAL
A24: EMDEP | D24: =COUNTIF('BOL Floor-Habitacle 702 077'!C5:C9,"EMDEP")+COUNTIF('BOL Cabin-Principal 702 080'!C5:C12,"EMDEP")+COUNTIF('BOL Cabin Princ B05'!C5:C5,"EMDEP")+COUNTIF('BOL Instrument B10 B05 702 086'!C5:C11,"EMDEP")+COUNTIF('BOL 702095 Battery Mgmt'!C5:C6,"EMDEP")+COUNTIF('BOL DIVMAC Sous caisse'!C5:C5,"EMDEP")+COUNTIF('BOL 702093'!C5:C6,"EMDEP")+COUNTIF(' PTA ROOF B05 B10'!C5:C5,"EMDEP")+COUNTIF('PTA Câble Batterie 5 036 536'!C5:C5,"EMDEP")+COUNTIF('BOL 702092'!C5:C6,"EMDEP")+COUNTIF('Planche Self 5 036 536'!C5:C5,"EMDEP")+COUNTIF(' PTA 5 036 527 B10 Floor'!C5:C5,"EMDEP")+COUNTIF('PTA 5 036 535'!C5:C5,"EMDEP")+COUNTIF('LAD 508 → 583–586 '!C5:C5,"EMDEP")+COUNTIF('PTA Instrument B10 5 036 530'!C5:C6,"EMDEP")+COUNTIF('BOL 702087'!C5:C5,"EMDEP")+COUNTIF('PTA Cabin Princ B10'!C5:C5,"EMDEP") -> 26 | G24: =IFERROR(D24/$D$28,0) -> 0.7027027
A25: DIVMAC | D25: =COUNTIF('BOL Floor-Habitacle 702 077'!C5:C9,"DIVMAC")+COUNTIF('BOL Cabin-Principal 702 080'!C5:C12,"DIVMAC")+COUNTIF('BOL Instrument B10 B05 702 086'!C5:C11,"DIVMAC")+COUNTIF('BOL 702095 Battery Mgmt'!C5:C6,"DIVMAC")+COUNTIF('BOL DIVMAC Sous caisse'!C5:C5,"DIVMAC")+COUNTIF('BOL 702093'!C5:C6,"DIVMAC")+COUNTIF(' PTA ROOF B05 B10'!C5:C5,"DIVMAC")+COUNTIF('PTA Câble Batterie 5 036 536'!C5:C5,"DIVMAC")+COUNTIF('BOL 702092'!C5:C6,"DIVMAC")+COUNTIF('Planche Self 5 036 536'!C5:C5,"DIVMAC")+COUNTIF(' PTA 5 036 527 B10 Floor'!C5:C5,"DIVMAC")+COUNTIF('PTA 5 036 535'!C5:C5,"DIVMAC")+COUNTIF('LAD 508 → 583–586 '!C5:C5,"DIVMAC") -> 7 | G25: =IFERROR(D25/$D$28,0) -> 0.18918919
A26: KUFFERATH / AUTRES | D26: =COUNTIF('BOL Floor-Habitacle 702 077'!C5:C9,"KUFFERATH")+COUNTIF('BOL Cabin-Principal 702 080'!C5:C12,"KUFFERATH")+COUNTIF('BOL Cabin Princ B05'!C5:C5,"KUFFERATH")+COUNTIF('BOL Instrument B10 B05 702 086'!C5:C11,"KUFFERATH")+COUNTIF('BOL 702095 Battery Mgmt'!C5:C6,"KUFFERATH")+COUNTIF('BOL DIVMAC Sous caisse'!C5:C5,"KUFFERATH")+COUNTIF('BOL 702093'!C5:C6,"KUFFERATH")+COUNTIF(' PTA ROOF B05 B10'!C5:C5,"KUFFERATH")+COUNTIF('PTA Câble Batterie 5 036 536'!C5:C5,"KUFFERATH")+COUNTIF('BOL 702092'!C5:C6,"KUFFERATH")+COUNTIF('Planche Self 5 036 536'!C5:C5,"KUFFERATH")+COUNTIF(' PTA 5 036 527 B10 Floor'!C5:C5,"KUFFERATH")+COUNTIF('PTA 5 036 535'!C5:C5,"KUFFERATH")+COUNTIF('LAD 508 → 583–586 '!C5:C5,"KUFFERATH") -> 3 | G26: =IFERROR(D26/$D$28,0) -> 0.081081081
A27: VISION INDUSTRIELLE | D27: =COUNTIF('BOL Floor-Habitacle 702 077'!C5:C9,"VISION INDUSTRIELLE")+COUNTIF('BOL Cabin-Principal 702 080'!C5:C12,"VISION INDUSTRIELLE")+COUNTIF('BOL Cabin Princ B05'!C5:C5,"VISION INDUSTRIELLE")+COUNTIF('BOL Instrument B10 B05 702 086'!C5:C11,"VISION INDUSTRIELLE")+COUNTIF('BOL 702095 Battery Mgmt'!C5:C6,"VISION INDUSTRIELLE")+COUNTIF('BOL DIVMAC Sous caisse'!C5:C5,"VISION INDUSTRIELLE")+COUNTIF('BOL 702093'!C5:C6,"VISION INDUSTRIELLE")+COUNTIF(' PTA ROOF B05 B10'!C5:C5,"VISION INDUSTRIELLE")+COUNTIF('PTA Câble Batterie 5 036 536'!C5:C5,"VISION INDUSTRIELLE")+COUNTIF('BOL 702092'!C5:C6,"VISION INDUSTRIELLE")+COUNTIF('Planche Self 5 036 536'!C5:C5,"VISION INDUSTRIELLE")+COUNTIF(' PTA 5 036 527 B10 Floor'!C5:C5,"VISION INDUSTRIELLE")+COUNTIF('PTA 5 036 535'!C5:C5,"VISION INDUSTRIELLE")+COUNTIF('LAD 508 → 583–586 '!C5:C5,"VISION INDUSTRIELLE") -> 1 | G27: =IFERROR(D27/$D$28,0) -> 0.027027027
A28: TOTAL | D28: =SUM(D24:D27) -> 37 | G28: =100% -> 1

Sheet BOL Floor-Habitacle 702 077
A1: RAPPORT D'ANOMALIES — BOL FLOOR-HABITACLE
A2: Suivi Technique des Contreparties · BOL · Qualité & Performance · Préparé par Hamdi Abdeljawed
A4: # | B4: CONTREPARTIE / COMPOSANT | C4: FOURNISSEUR | D4: PROBLÈME IDENTIFIÉ | E4: DESCRIPTION TECHNIQUE | F4: ACTIONS CORRECTIVES PROPOSÉES | G4: PRIORITÉ | H4: PILOTE | I4: DÉLAI DE CLÔTURE DE L'ACTION | J4: SITUATION | K4: PHOTO | L4: % D'AVANCEMENT
A5: 1 | B5: Contrepartie BDX 64 | C5: DIVMAC | D5: Défaut de continuité électrique multi-voies | E5: La contrepartie BDX 64 présente un défaut de continuité électrique récurrent sur plusieurs voies, notamment les voies 14, 16 et 18. L'analyse a mis en évidence que la fibre de guidage, dont la fonction est d'assurer l'alignement des pins de la contrepartie avec les connexions du boîtier, gêne l'insertion de ces derniers sur certaines voies. Les pins n'atteignent alors pas correctement les contacts du boîtier, ce qui engendre les défauts de continuité observés. | F5: • Intervention du fournisseur DIVMAC nécessaire pour effectuer la correction de la fibre de guidage ou le remplacement de la contrepartie, si nécessaire, afin d'assurer un alignement conforme des pins avec les contacts du boîtier et de garantir une continuité électrique fiable. | G5: HAUTE | H5: Service Technique / DIVMAC | I5: 11/08/2026 | J5: Résolu | L5: 1
A6: 2 | B6: Contrepartie BDX 61 | C6: DIVMAC | D6: Défaut de continuité électrique - voie 15 | E6: Un défaut de continuité électrique de même nature est observé sur la contrepartie BDX 61, localisé sur la voie 15. Comme pour la contrepartie BDX 64, la fibre de guidage assurant l'alignement des pins avec les connexions du boîtier gêne leur insertion, empêchant les pins d'atteindre correctement les contacts et provoquant le défaut de continuité constaté. | F6: •Intervention du fournisseur DIVMAC pour ajuster ou remplacer la fibre de guidage, avec remplacement de la contrepartie si nécessaire. | G6: HAUTE | H6: Service Technique / DIVMAC | I6: 11/08/2026 | J6: Résolu | L6: 1
A7: 3 | B7: Contrepartie BDX 24 | C7: DIVMAC | D7: Manque et rupture de pins - voies 40 et 15 | E7: La contrepartie BDX 24 présente une absence de pins sur les voies 40 et 15. Les pins installés sont surdimensionnés en longueur, ce qui les rend fragiles et sujets à la casse lors de la manipulation. Une tentative de remplacement a été effectuée, mais aucun pin compatible avec le projet B10 n'était disponible en stock magasin PDR au moment de l'intervention. | F7: • Approvisionner en urgence des pins compatibles projet B10 auprès du fournisseur • Remplacer les pins endommagés/manquants sur les voies 40 et 15 | G7: HAUTE | H7: Service Technique / DIVMAC | I7: 46258 | J7: En cours | L7: 0.65
A8: 4 | B8: Contrepartie TR045 | C8: DIVMAC | D8: Retard de détection d'étanchéité | E8: La contrepartie TR045 présente un défaut de détection d'étanchéité caractérisé par un retard significatif : la détection finit par s'effectuer, mais avec un temps de réponse anormalement long. Un réglage du régulateur d'étanchéité est nécessaire afin de rétablir un temps de détection conforme aux exigences du poste. | F8: •Intervention maintenance pour le réglage du régulateur d'étanchéité TR045, puis intervention fournisseur si le problème persiste. | G8: MOYENNE | H8: Service Technique / DIVMAC | I8: 26/08/2026 | J8: Résolu | L8: 1
A9: 5 | B9: Contrepartie TR007 | C9: DIVMAC | D9: Détection DV NOK en surplus (fermeture incomplète) | E9: La contrepartie TR007 génère de façon récurrente une alarme « DV NOK en surplus ». L'analyse et le diagnostic réalisés ont mis en évidence que le diamètre du fil (3,5 mm) pousse légèrement le deuxiéme verrouillage (DV), empêchant sa fermeture complète et le laissant en position légèrement ouverte. Le poste détecte donc correctement cet état de DV semi-ouvert, ce qui explique le surplus constaté ; la contrepartie elle-même reste intacte et conforme. Une action sur le sertissage est nécessaire pour résoudre l'anomalie. | F9: •Intervention méthode pour ajuster les paramètres de sertissage et valider la fermeture complète du DV ; aucune intervention sur la contrepartie n'est nécessaire. | G9: HAUTE | H9: Service Technique / DIVMAC | I9: 46293 | J9: En cours | L9: 1
A11: Remarque : les anomalies ci-dessus concernent les contreparties de fixation du BOL Floor-Habitacle. La majorité des défauts de continuité relevés sur les contreparties fournies par DIVMAC trouve son origine dans l'interférence entre la fibre de guidage et l'insertion des pins ; une action corrective commune à ces contreparties est donc recommandée en priorité. La contrepartie TR007 fait par ailleurs l'objet d'un suivi spécifique lié à un ajustement de sertissage, sans remise en cause de la conformité de la contrepartie.

Sheet BOL Cabin-Principal 702 080
A1: RAPPORT D'ANOMALIES — BOL CABIN-PRINCIPAL
A2: Suivi Technique des Contreparties · BOL · Qualité & Performance · Préparé par Hamdi Abdeljawed
A4: # | B4: CONTREPARTIE / COMPOSANT | C4: FOURNISSEUR | D4: PROBLÈME IDENTIFIÉ | E4: DESCRIPTION TECHNIQUE | F4: ACTIONS CORRECTIVES PROPOSÉES | G4: PRIORITÉ | H4: PILOTE | I4: DÉLAI DE CLÔTURE DE L'ACTION | J4: SITUATION | K4: PHOTO | L4: % D'AVANCEMENT
A5: 1 | B5: Contrepartie TR010 | C5: EMDEP | D5: Manque d'étanchéité récurrent | E5: La contrepartie TR010 présente un manque d'étanchéité récurrent, se manifestant sur la quasi-totalité des nouveaux tests de faisceau. Un réglage du régulateur d'étanchéité est nécessaire, ainsi qu'une investigation approfondie du boîtier, notamment au niveau des joints et des matériaux utilisés. | F5: • Effectuer une intervention de maintenance afin d'identifier et de corriger l'origine de l'anomalie. En cas de persistance du défaut, engager une réclamation auprès du fournisseur EMDEP. | G5: HAUTE | H5: Service Technique / EMDEP | I5: 11/08/2026 | J5: Résolu | L5: 1
A6: 2 | B6: Contrepartie TR011 | C6: EMDEP | D6: Manque d'étanchéité récurrent (identique à TR010) | E6: La contrepartie TR011 présente la même anomalie que la contrepartie TR010 : un manque d'étanchéité récurrent nécessitant un réglage du régulateur ainsi qu'une investigation du boîtier. | F6: • Appliquer la même démarche que pour TR010 : intervention de maintenance (réglage et contrôle du circuit d'étanchéité, contrôle de l'intégrité du boîtier – joints et matériaux), puis réclamation auprès du fournisseur EMDEP si le défaut persiste. | G6: HAUTE | H6: Service Technique / EMDEP | I6: 11/08/2026 | J6: Résolu | L6: 1
A7: 3 | B7: Contrepartie EL135 | C7: EMDEP | D7: Défaut de continuité - conception des pins à revoir | E7: La contrepartie EL135 présente un défaut de continuité sur différentes voies. La cause probable est liée à la conception des pins de la contrepartie, notamment à la longueur de l'époulement et au type de pin utilisés, qui ne permettent pas d'assurer un contact fiable avec les connexions du boîtier. À l'inverse, la contrepartie DIVMAC de même référence, utilisée sur le BOL B5 avec un boîtier identique, ne présente pas cette anomalie, ce qui met en évidence une différence de conception entre les contreparties EMDEP et DIVMAC. | F7: • Intervention du fournisseur EMDEP pour le remplacement des pins et la modification de la contrepartie. En cas de persistance du défaut, remplacer la contrepartie EMDEP par une contrepartie DIVMAC de même référence. | G7: HAUTE | H7: Service Technique / Qualité Fournisseur | I7: 46293 | J7: En cours | L7: 0.85
A8: 4 | B8: Contrepartie BY001 | C8: DIVMAC | D8: Défaut de conception - passage de boîtier avec DV manquant non détecté | E8: La contrepartie BY001 laisse passer des boîtiers présentant un DV manquant sans que celui-ci soit testé ni sollicité par le programme de test. L'analyse montre que cette anomalie résulte d'un défaut de conception lié à un écart par rapport au cahier des charges : contrairement à la référence utilisée sur le BOL B5, qui intègre une détection latérale du DV, la contrepartie BY001 ne dispose d'aucun point de détection du DV. Ceci explique de façon cohérente que les boîtiers avec DV manquant puissent être validés à tort par le poste. | F8: • Remplacement de la contrepartie BY001 par un modèle identique à celui du BOL B05, avec détection latérale du DV, puis validation de son fonctionnement avant mise en exploitation. | G8: HAUTE | H8: Service Technique / Qualité Fournisseur | I8: 11/08/2026 | J8: Résolu | L8: 1
A9: 5 | B9: Contrepartie TR001 | C9: EMDEP | D9: Défaut de continuité électrique - nécessite une manipulation du boîtier | E9: La contrepartie TR001 présente un défaut de continuité électrique récurrent. Dans la majorité des cas, l'opérateur doit manipuler le boîtier ainsi que les fils qui y sont raccordés (réajustement, légère pression, repositionnement) pour que le test de continuité soit validé. En l'absence de cette manipulation manuelle, la contrepartie génère systématiquement une erreur de continuité (voie 4 / voie 1), ce qui indique un problème de contact au niveau des pins ou de l'insertion dans le boîtier. | F9: • Après intervention de la maintenance et du fournisseur EMDEP pour le remplacement des pins de continuité par des pins conformes (type et longueur d’épaulement), le problème persiste. Même après le remplacement de la CP par une nouvelle CP de type EMDEP, le défaut reste présent. Prévoir le remplacement de la CP par une CP de type DIVMAC. | G9: HAUTE | H9: Service Technique / EMDEP | I9: 09/28/2026 | J9: En cours | L9: 0.8
A10: 6 | B10: Contrepartie EL161 | C10: EMDEP | D10: Défaut de continuité électrique - manipulation fréquente requise par l'opérateur | E10: La contrepartie EL161 présente un défaut de continuité électrique sur certaines voies. Le test ne passe, la plupart du temps, qu'après une manipulation du boîtier et des fils par l'opérateur (réinsertion, ajustement de position). Sans cette intervention manuelle, la contrepartie affiche une erreur de continuité, ce qui suggère un défaut d'insertion des pins ou un jeu mécanique au niveau du boîtier. | F10: • Vérifier le contact des pins, l'insertion du boîtier et la course du bloc de test. Si nécessaire, faire intervenir le fournisseur EMDEP. | G10: HAUTE | H10: Service Technique / EMDEP | I10: 11/08/2026 | J10: Résolu | L10: 1
A11: 6 | B11: Contrepartie CH024 | C11: DIVMAC | D11: Défaut de détection de la lanière 1 – manipulation fréquente de l'opérateur | E11: La contrepartie CH024 présente un défaut de détection de la lanière 1, nécessitant une manipulation du boîtier par l'opérateur. Le défaut est probablement lié à une longueur insuffisante du Tyton, qui n'actionne pas correctement le pin de détection. | F11: • Intervention du fournisseur DIVMAC pour ajuster le Tyton au niveau du pin de détection et effectuer son réglage afin d'assurer une détection fiable de la lanière. | G11: HAUTE | H11: Service Technique / Divmac | I11: 11/08/2026 | J11: Résolu | L11: 1
A12: 6 | B12: Contrepartie CH010 | C12: EMDEP | D12: Probléme Manque d'étanchéité récurrent | E12: La contrepartie CH010 présente un défaut d’étanchéité récurrent. Le réglage effectué sur un boîtier vierge ne garantit pas une valeur stable : chaque boîtier présente des valeurs de pression différentes, dont certaines sont hors de la plage de référence (300 à 700 mPa pour EMDEP). | F12: • Intervention du fournisseur pour fiabiliser et régler la détection d’étanchéité sur différents boîtiers afin de garantir des valeurs conformes. | G12: HAUTE | H12: Service Technique / EMDEP | I12: 46258 | J12: Résolu | L12: 1
A14: Remarque :Le fournisseur EMDEP est intervenu à plusieurs reprises sans résultat concluant. Les essais avec un pin 1006 (longueur d’époulement 4 mm) ont validé la continuité et le non-verrouillage, mais le service qualité n’a pas accepté cette solution et demande au fournisseur de corriger définitivement le problème.
A16: Remarque :Malgré une intervention du fournisseur sur la contrepartie EL135, comme sur la contrepartie TR001, aucun résultat concluant n'a été obtenu. Les erreurs de continuité demeurent, alors que les manques de continuité s'estompent lors de la manipulation du boîtier. Le service qualité n'a pas validé cette situation..

Sheet BOL Cabin Princ B05
A1: RAPPORT D'ANOMALIES — BOL CABIN PRINC B05
A2: Suivi Technique des Contreparties · BOL · Qualité & Performance · Préparé par Hamdi Abdeljawed
A4: # | B4: CONTREPARTIE / COMPOSANT | C4: FOURNISSEUR | D4: PROBLÈME IDENTIFIÉ | E4: DESCRIPTION TECHNIQUE | F4: ACTIONS CORRECTIVES PROPOSÉES | G4: PRIORITÉ | H4: PILOTE | I4: DÉLAI DE CLÔTURE DE L'ACTION | J4: SITUATION | K4: PHOTO | L4: % D'AVANCEMENT
A5: 1 | B5: Contrepartie BY001 | C5: DIVMAC | D5: Manque de contrepartie BY001 (contrepartie absente sur le banc) | E5: Sur le banc BOL Cabin Princ B05, la contrepartie BY001 est absente, empêchant la réalisation du test correspondant sur ce poste. | F5: • Contrepartie en attente d’approvisionnement par le service PT, avec une installation planifiée par le fournisseur après réception. | G5: HAUTE | H5: PT/Fournisseur | I5: 46258 | J5: En cours | L5: 0.25
A6: Remarque : la contrepartie BY001 est manquante sur le banc BOL Cabin Princ B05 ; l'action de réapprovisionnement et d'installation est en cours.

Sheet BOL Instrument B10 B05 702 086
A1: RAPPORT D'ANOMALIES — BOL INSTRUMENT B10
A2: Suivi Technique des Contreparties · BOL · Qualité & Performance · Préparé par Hamdi Abdeljawed
A4: # | B4: CONTREPARTIE / COMPOSANT | C4: FOURNISSEUR | D4: PROBLÈME IDENTIFIÉ | E4: DESCRIPTION TECHNIQUE | F4: ACTIONS CORRECTIVES PROPOSÉES | G4: PRIORITÉ | H4: PILOTE | I4: DÉLAI DE CLÔTURE DE L'ACTION | J4: SITUATION | K4: PHOTO | L4: % D'AVANCEMENT
A5: 1 | B5: Contrepartie EL119-2 | C5: EMDEP | D5: Manque de continuité - voie 4 (fil non détecté + manque de pin) | E5: La contrepartie EL119-2 (fournisseur EMDEP) ne détecte pas la condition de fil non verrouillé lors du test : le pin, dont la longueur est excessive et le diamètre réduit, entre en contact avec la connexion du boîtier même lorsque le fil n'est pas correctement verrouillé, ce qui génère un résultat de test faussement conforme (défaut de verrouillage non détecté par le poste). Un manque de pin a par ailleurs été constaté sur cette contrepartie ; la référence concernée est actuellement en rupture de stock au magasin pièces de rechange (stock = 0). | F5: •Intervention du fournisseur EMDEP pour le remplacement des pins de continuité par des pins conformes (diamètre et longueur d'époulement), ainsi que le remplacement des pins manquants afin de garantir la détection des fils non verrouillés. | G5: HAUTE | H5: Service Technique / EMDEP | I5: 8/24/2026 | J5: En cours | L5: 0.9
A6: 2 | B6: Contrepartie EL120-2 | C6: EMDEP | D6: Manque de continuité - voie 5 (manque de pin) | E6: La contrepartie EL120-2, identique à la contrepartie EL119-2 (même référence de boîtier), présente un manque de pin sur la voie 5. Un pin de dépannage a été installé à titre provisoire afin de maintenir la production, dans l'attente d'une solution définitive de la part du fournisseur EMDEP. | F6: • Réapprovisionner le pin manquant • Remplacer le pin de dépannage par un pin conforme • Mutualiser le traitement avec EL119-2 | G6: HAUTE | H6: Service Technique / EMDEP | I6: 46258 | J6: En cours | L6: 0.9
A7: 3 | B7: Contrepartie IPX25 | C7: EMDEP | D7: Manque de continuité - voies 26 et 27 (2 pins manquants) | E7: La contrepartie IPX25 présente un manque de pin sur les voies 26 et 27, empêchant la détection de continuité sur ces deux voies lors du test. | F7: • Intervention maintenance pour l'installation provisoire des pins disponibles, puis installation des pins conformes dès leur réception du fournisseur. | G7: HAUTE | H7: Service Technique / EMDEP | I7: 46258 | J7: En cours | L7: 0.3
A8: 3 | B8: Contrepartie EL233-3 | C8: EMDEP | D8: Manque Détection Latch | E8: La contrepartie EL233-3 présente un défaut de détection du Latch dû à une mauvaise conception de la contrepartie. La pin de détection Latch est trop courte et n’atteint pas correctement le boîtier, ce qui empêche la détection fiable de l’état du Latch du boîtier. | F8: • Si possible, intervention de la maintenance pour modifier la CP afin d’assurer une détection fiable. | G8: HAUTE | H8: Service Technique / EMDEP | I8: 8/24/2026 | J8: Résolu | L8: 1
A9: 3 | B9: Contrepartie EL233-4 | C9: EMDEP | D9: Manque Détection Latch | E9: La contrepartie EL233-4 présente un défaut de détection du Latch lié à une conception inadaptée de la contrepartie. La pin de détection Latch est trop courte et n’atteint pas correctement le boîtier, ce qui empêche une détection fiable du Latch. | F9: • Même action corrective que pour la CP EL233-3 | G9: HAUTE | H9: Service Technique / EMDEP | I9: 8/24/2026 | J9: Résolu | L9: 1
A10: 3 | B10: Contrepartie EL188-2 | C10: EMDEP | D10: Manque Détection Latch | E10: Lors du contrôle de la contrepartie EL188-2, un manque de détection du Latch a été constaté. Ce défaut est lié à la géométrie de la contrepartie : la pin de détection présente une longueur insuffisante pour assurer un contact correct avec le boîtier et permettre la détection du Latch. | F10: • Même action corrective que pour la CP EL233-3 | G10: HAUTE | H10: Service Technique / EMDEP | I10: 8/24/2026 | J10: Résolu | L10: 1
A11: 3 | B11: Contrepartie EL115-11 | C11: EMDEP | D11: Manque Détection Latch | E11: La contrepartie EL115-11 présente une défaillance au niveau de la détection du Latch. L’origine du problème est liée à la conception de la contrepartie, notamment à la longueur insuffisante de la pin de détection, qui ne permet pas d’atteindre correctement le boîtier et de détecter le Latch de manière fiable. | F11: • Même action corrective que pour la CP EL233-3 | G11: HAUTE | H11: Service Technique / EMDEP | I11: 8/24/2026 | J11: Résolu | L11: 1
A13: Remarque-1 : Le service maintenance a réalisé une intervention sur les contreparties présentant des défauts de détection du latch. Le problème est actuellement résolu et soldé.
A14: Remarque-2 : les contreparties EL119-2 et EL220-2 partagent la même référence de boîtier et sont toutes deux affectées par des ruptures de stock de pins chez le fournisseur EMDEP. Un traitement groupé (approvisionnement + révision de conception du pin) est recommandé pour ces deux contreparties du BOL Instrument B10, Par ailleurs, le problème de non-verrouillage est actuellement résolu. Toutefois, une surveillance reste nécessaire jusqu'à la mise en place d'une solution définitive afin de garantir la fiabilité du fonctionnement.

Sheet BOL 702095 Battery Mgmt
A1: RAPPORT D'ANOMALIES — BOL 702095 BATTERY MANAGEMENT
A2: Suivi Technique des Contreparties · BOL · Qualité & Performance · Préparé par Hamdi Abdeljawed
A4: # | B4: CONTREPARTIE / COMPOSANT | C4: FOURNISSEUR | D4: PROBLÈME IDENTIFIÉ | E4: DESCRIPTION TECHNIQUE | F4: ACTIONS CORRECTIVES PROPOSÉES | G4: PRIORITÉ | H4: PILOTE | I4: DÉLAI DE CLÔTURE DE L'ACTION | J4: SITUATION | K4: PHOTO | L4: % D'AVANCEMENT
A5: 1 | B5: Contrepartie J2 | C5: EMDEP | D5: Défaut de continuité électrique multi-voies | E5: La contrepartie J2 présente un défaut de continuité électrique sur plusieurs voies. Une analyse de l'alignement et du dimensionnement des pins, ainsi que de l'état du boîtier, est nécessaire afin d'identifier la cause racine du défaut. | F5: •Après intervention maintenance, intervention du fournisseur EMDEP pour la mise en conformité de la contrepartie J2 (pins et boîtier) si le défaut est confirmé. | G5: HAUTE | H5: Service Technique / EMDEP | I5: 46323 | J5: En cours | L5: 0.6
A6: 2 | B6: Contrepartie FPC J5 | C6: EMDEP | D6: Défaut de continuité - pins sous-dimensionnés en longueur | E6: La contrepartie FPC J5 présente un défaut de continuité électrique sur plusieurs voies. La cause identifiée est une longueur insuffisante des pins, qui n'atteignent pas correctement les connexions du boîtier. | F6: • Après intervention maintenance, intervention du fournisseur EMDEP pour la mise en conformité des pins (type et longueur d'époulement). | G6: HAUTE | H6: Service Technique / EMDEP | I6: 46323 | J6: En cours | L6: 0.6
A7: Remarque : les contreparties J2 et FPC J5, toutes deux fournies par EMDEP, présentent des défauts de continuité électrique liés au dimensionnement des pins. Un point de vigilance qualité fournisseur est à intégrer au suivi du BOL 702095 Battery Management.

Sheet BOL DIVMAC Sous caisse
A1: RAPPORT D'ANOMALIES — BOL DIVMAC Sous caisse
A2: Suivi Technique des Contreparties · BOL · Qualité & Performance · Préparé par Hamdi Abdeljawed
A4: # | B4: CONTREPARTIE / COMPOSANT | C4: FOURNISSEUR | D4: PROBLÈME IDENTIFIÉ | E4: DESCRIPTION TECHNIQUE | F4: ACTIONS CORRECTIVES PROPOSÉES | G4: PRIORITÉ | H4: PILOTE | I4: DÉLAI DE CLÔTURE DE L'ACTION | J4: SITUATION | K4: PHOTO | L4: % D'AVANCEMENT
A5: 1 | B5: Contrepartie FLBX35 | C5: EMDEP | D5: Risque de passage DV semi-ouvert + non verrouillé | E5: La contrepartie FLBX35 présente un défaut récurrent, avec un risque de passage d’un DV semi-ouvert ou de fils non verrouillés. La CP ne dispose d’aucun moyen de détection du DV semi-ouvert ni de système permettant de forcer la fermeture complète du DV. | F5: • Une intervention du fournisseur, en coordination avec le service PT, est requise afin de corriger le défaut et de remplacer la CP par un autre modèle adapté. | G5: HAUTE | H5: Service Technique / EMDEP/PT | I5: 10/28/2026 | J5: En cours | L5: 0.62
A6: Remarque : le poste concerné par cette anomalie ne dispose pas encore d'une désignation de BOL formalisée. Une intervention fournisseur (EMDEP) est nécessaire pour statuer sur le remplacement éventuel du boîtier de la contrepartie FLBX35.

Sheet BOL 702093
A1: RAPPORT D'ANOMALIES — BOL 702093
A2: Suivi Technique des Contreparties · BOL · Qualité & Performance · Préparé par Hamdi Abdeljawed
A4: # | B4: CONTREPARTIE / COMPOSANT | C4: FOURNISSEUR | D4: PROBLÈME IDENTIFIÉ | E4: DESCRIPTION TECHNIQUE | F4: ACTIONS CORRECTIVES PROPOSÉES | G4: PRIORITÉ | H4: PILOTE | I4: DÉLAI DE CLÔTURE DE L'ACTION | J4: SITUATION | K4: PHOTO | L4: % D'AVANCEMENT
A5: 1 | B5: Contrepartie FRX77 | C5: EMDEP | D5: Défaut de continuité électrique sur différentes voies - manipulation à risque | E5: La contrepartie FRX77 présente un défaut de continuité électrique sur différentes voies. Afin de valider la continuité, il est nécessaire de manipuler le boîtier ainsi que les fils qui y sont raccordés, ce qui présente un risque élevé d'endommagement supplémentaire ou de déverrouillage des fils lors des essais. Le fournisseur EMDEP est intervenu à plusieurs reprises sur cette contrepartie, sans qu'une solution définitive n'ait été apportée à ce jour. | F5: • Le fournisseur EMDEP est intervenu et a réduit la fréquence des défauts, sans les éliminer. En attente de la réception de la nouvelle contrepartie DIVMAC pour remplacement et validation. | G5: HAUTE | H5: Service Technique / EMDEP | I5: 46293 | J5: Résolu | L5: 1
A6: 2 | B6: Contrepartie TR035 | C6: EMDEP | D6: Risque de passage DV légèrement ouvert - défaut imputable au boîtier | E6: La contrepartie TR035 présente un risque de passage de boîtier avec un DV légèrement ouvert. L'origine du défaut est liée au produit boîtier lui-même : le DV ne se ferme pas complètement et s'ouvre facilement, ce qui impose une inspection visuelle après le test sur le poste. La contrepartie TR035 reste intacte et conforme et détecte correctement l'ensemble des défauts ; le défaut est donc imputable au produit boîtier et non à la contrepartie. | F6: • Intervention du fournisseur EMDEP pour le réglage et la validation de la détection « DV fermé » ; une inspection visuelle reste nécessaire, un léger choc sur le boîtier pouvant provoquer une légère ouverture du DV sans détection par le poste. | G6: HAUTE | H6: Service Technique / Qualité Produit | I6: 46245 | J6: Résolu | L6: 1
A7: Remarque : la contrepartie FRX77 (EMDEP) nécessite une manipulation à risque du boîtier et des fils lors de test; les interventions répétées du fournisseur sans résolution définitive justifient l'ouverture d'une démarche qualité formelle. Le défaut relevé sur la contrepartie TR035 est quant à lui imputable au produit boîtier et non à la contrepartie, qui reste conforme.

Sheet PTA Câble Batterie  5 036 536
A1: RAPPORT D'ANOMALIES — PTA Câble Batterie 5 036 536
A2: Suivi Technique des Contreparties · PTA· Qualité & Performance · Préparé par Hamdi Abdeljawed
A4: # | B4: CONTREPARTIE / COMPOSANT | C4: FOURNISSEUR | D4: PROBLÈME IDENTIFIÉ | E4: DESCRIPTION TECHNIQUE | F4: ACTIONS CORRECTIVES PROPOSÉES | G4: PRIORITÉ | H4: PILOTE | I4: DÉLAI DE CLÔTURE DE L'ACTION | J4: SITUATION | K4: PHOTO | L4: % D'AVANCEMENT
A5: 1 | B5: Contrepartie BTG 01 | C5: KUFFERATH | D5: Agression sur cosse BTG 01 | E5: La contrepartie BTG01 présente une agression sur la cosse et le manchon de cosse, probablement due à une résistance à l'insertion de la cosse dans la contrepartie lors des opérations de test. | F5: •Intervention du fournisseur réalisée afin d'élargir et de lisser la zone d'insertion de la cosse, dans l'attente de la validation qualité, sans création de jeu mécanique. | G5: MOYENNE | H5: Service Technique/Kufferath | I5: 46258 | J5: Résolu | L5: 1

Sheet BOL 702092
A1: RAPPORT D'ANOMALIES — PTA Câble Batterie 5 036 536
A2: Suivi Technique des Contreparties · PTA· Qualité & Performance · Préparé par Hamdi Abdeljawed
A4: # | B4: CONTREPARTIE / COMPOSANT | C4: FOURNISSEUR | D4: PROBLÈME IDENTIFIÉ | E4: DESCRIPTION TECHNIQUE | F4: ACTIONS CORRECTIVES PROPOSÉES | G4: PRIORITÉ | H4: PILOTE | I4: DÉLAI DE CLÔTURE DE L'ACTION | J4: SITUATION | K4: PHOTO | L4: % D'AVANCEMENT
A5: 1 | B5: Contrepartie RFX29 | C5: EMDEP | D5: Risque de passage de DV semi ouvert | E5: Lors du contrôle, la contrepartie RFX29 présente un risque de passage d’un DV semi-ouvert. La conception actuelle ne prévoit aucun moyen permettant de fermer le DV ou d’assurer sa fermeture complète avant le contrôle. | F5: •Après l’intervention de maintenance, il est nécessaire de remplacer la contrepartie par une nouvelle contrepartie garantissant la fermeture complète et sécurisée du DV | G5: HAUTE | H5: Service Technique/EMDEP/PT | I5: 46323 | J5: En cours | L5: 0.6
A6: 1 | B6: Contrepartie Cosse IPG03 | C6: EMDEP | D6: Défaut de continuité et de détection de la cosse | E6: La contrepartie Cosse IPG03 présente un défaut de manque de continuité, nécessitant une manipulation de la part de l’opérateur, ainsi qu’un défaut de détection de la cosse. | F6: •L’intervention de maintenance a déjà été réalisée. Une intervention du fournisseur est requise. En cas de persistance du défaut, un remplacement de la contrepartie par une contrepartie DIVMAC sera envisagé. | G6: HAUTE | H6: be ammar fathi | I6: 28/102026 | J6: En cours | L6: 0.5
A7: 1 | B7: Contrepartie EL059-1 | C7: EMDEP | D7: Risque de passage de DV semi ouvert | E7: La contrepartie EL159-1 présente un risque de passage d’un DV semi-ouvert. La conception actuelle ne prévoit aucun moyen permettant de fermer le DV ou d’assurer sa fermeture complète avant le contrôle. | F7: •L’intervention de maintenance a déjà été réalisée. Une intervention du fournisseur est requise. | G7: HAUTE | H7: Service Technique/EMDEP/PT | I7: 46323 | J7: En cours | L7: 0.5
A8: 1 | B8: Contrepartie EL060-1 | C8: EMDEP | D8: Risque de passage de DV semi ouvert | E8: La contrepartie EL160-1 présente un risque de passage d’un DV semi-ouvert. La conception actuelle ne prévoit aucun moyen permettant de fermer le DV ou d’assurer sa fermeture complète avant le contrôle. | F8: •L’intervention de maintenance a déjà été réalisée. Une intervention du service PT est requise | G8: HAUTE | H8: Service Technique/EMDEP/PT | I8: 46323 | J8: En cours | L8: 0.5

Sheet  PTA ROOF B05 B10
A1: RAPPORT D'ANOMALIES — PTA ROOF B05 B10
A2: Suivi Technique des Contreparties · PTA· Qualité & Performance · Préparé par Hamdi Abdeljawed
A4: # | B4: CONTREPARTIE / COMPOSANT | C4: FOURNISSEUR | D4: PROBLÈME IDENTIFIÉ | E4: DESCRIPTION TECHNIQUE | F4: ACTIONS CORRECTIVES PROPOSÉES | G4: PRIORITÉ | H4: PILOTE | I4: DÉLAI DE CLÔTURE DE L'ACTION | J4: SITUATION | K4: PHOTO | L4: % D'AVANCEMENT
A5: 1 | B5: PTA ROOF B05 B10 | C5: KUFFERATH | D5: Conception inadaptée du poste PTA rotatif | E5: La conception du poste PTA rotatif fournie par Kufferath est perfectible. Lors de la rotation de la planche, le cheminement des câbles reliant les contreparties aux cartes d'extension n'est pas adapté, générant des contraintes mécaniques répétées (torsion et flexion). Cette conception complique les interventions de maintenance et augmente le risque d'endommagement ainsi que de débranchement des câbles et des connexions. | F5: • Étudier, avec le fournisseur Kufferath, l'amélioration du poste PTA rotatif ou, à défaut, le retour à l'ancien modèle de PTA (planche fixe type table), plus fiable en production et plus adapté à la maintenance. | G5: MOYENNE | H5: Fathi ben ammar | I5: 46323 | J5: En cours | L5: 0.6
A6: Remarque : anomalie de type organisationnel (rangement/cheminement du câblage) constatée au poste PTA ROOF B05 B10, sans lien avec une contrepartie fournisseur spécifique. Un chantier de rangement et de reprise du cheminement du faisceau est recommandé, avec vérification photographique après remise en conformité.

Sheet  PTA 5 036 527 B10 Floor
A1: RAPPORT D'ANOMALIES — PTA 5 036 527 B10 Floor
A2: Suivi Technique des Contreparties · PTA· Qualité & Performance · Préparé par Hamdi Abdeljawed
A4: # | B4: CONTREPARTIE / COMPOSANT | C4: FOURNISSEUR | D4: PROBLÈME IDENTIFIÉ | E4: DESCRIPTION TECHNIQUE | F4: ACTIONS CORRECTIVES PROPOSÉES | G4: PRIORITÉ | H4: PILOTE | I4: DÉLAI DE CLÔTURE DE L'ACTION | J4: SITUATION | K4: PHOTO | L4: % D'AVANCEMENT
A5: 1 | B5: PTA 5 036 527 B10 Floor | C5: EMDEP | D5: Problèmes de maintien et non-conformité des contreparties | E5: Les contreparties de ce PTA présentent plusieurs non-conformités, notamment des problèmes de maintien ne permettant pas de fixer correctement les agrafes afin d’assurer leur détection. Certaines contreparties permettent également le passage d’agrafes similaires, ce qui peut entraîner des détections non conformes. | F5: • Une intervention de maintenance est requise afin de réajuster et sécuriser les systèmes de maintien des contreparties, ainsi que de remplacer les ressorts des vérins mécaniques. De plus, le remplacement des CPS est nécessaire et devra être pris en charge par le service PT. | G5: MOYENNE | H5: Service Technique/PT | I5: 46293 | J5: Résolu | L5: 0.6
A6: Remarque : À court terme, ce PTA sera remplacé par une planche test AGRAFE de dimensions plus importantes. La nouvelle table est actuellement en cours d’installation par le fournisseur. Les contreparties seront ensuite réinstallées sur ce nouveau PTA, ce qui devrait permettre de résoudre plusieurs problèmes actuellement rencontrés, notamment ceux liés aux dimensions des faisceaux et à leur positionnement.

Sheet Planche Self 5 036 536
A1: RAPPORT D'ANOMALIES — Planche Self 5 036 536
A2: Suivi Technique des Contreparties · PTA· Qualité & Performance · Préparé par Hamdi Abdeljawed
A4: # | B4: CONTREPARTIE / COMPOSANT | C4: FOURNISSEUR | D4: PROBLÈME IDENTIFIÉ | E4: DESCRIPTION TECHNIQUE | F4: ACTIONS CORRECTIVES PROPOSÉES | G4: PRIORITÉ | H4: PILOTE | I4: DÉLAI DE CLÔTURE DE L'ACTION | J4: SITUATION | K4: PHOTO | L4: % D'AVANCEMENT
A5: 1 | B5: Contreparties BA001-2 et DG001 | C5: KUFFERATH | D5: Problèmes de maintien et non-continuité | E5: Les contreparties BA001-2 et DG001 de la famille 8712900 – réf.288 présentent des défauts de maintien ainsi que des défauts de continuité sur les voies correspondantes. | F5: • Une intervention de maintenance a été réalisée à plusieurs reprises, sans résultat durable. Le fournisseur est également intervenu à plusieurs reprises afin de traiter le problème. Suite à ces interventions, le fournisseur a recommandé le remplacement des contreparties par des contreparties DIVMAC ou EMDEP afin de résoudre définitivement le problème. | G5: HAUTE | H5: Service Technique/PT/Fournisseur | I5: 46323 | J5: En cours | L5: 0.6
A6: Remarque :Il s’agit de la première mise en production de ces contreparties, et les défauts ont été constatés lors de leur utilisation en production. Par ailleurs, le système de ces CPS présente une complexité importante au regard de la fonctionnalité relativement simple attendue, qui consiste à détecter la présence du manchon et à assurer la continuité électrique.

Sheet PTA 5 036 535
A1: RAPPORT D'ANOMALIES — PTA 5 036 535
A2: Suivi Technique des Contreparties · PTA· Qualité & Performance · Préparé par Hamdi Abdeljawed
A4: # | B4: CONTREPARTIE / COMPOSANT | C4: FOURNISSEUR | D4: PROBLÈME IDENTIFIÉ | E4: DESCRIPTION TECHNIQUE | F4: ACTIONS CORRECTIVES PROPOSÉES | G4: PRIORITÉ | H4: PILOTE | I4: DÉLAI DE CLÔTURE DE L'ACTION | J4: SITUATION | K4: PHOTO | L4: % D'AVANCEMENT
A5: 1 | B5: Contrepartie J2 555 | C5: EMDEP | D5: Problèmes non-continuité | E5: La contrepartie J2 présente des défauts de continuité électrique sur plusieurs voies. Lors de la mise en position de la contrepartie, certaines voies ne garantissent pas un contact électrique stable et permanent, entraînant des absences de retour de signal lors du test de continuité. | F5: • Le service maintenance est intervenu sans résultat durable. Une intervention du fournisseur est requise afin d’éliminer le défaut et la nécessité de manipulation par l’opérateur. En cas de persistance, le remplacement de la contrepartie par un autre modèle sera nécessaire. | G5: HAUTE | H5: Ben ammar fthi | I5: 46293 | J5: Résolu | L5: 1
A6: 1 | B6: Contrepartie J2 093 | C6: EMDEP | D6: Agression sur boitier | E6: La contrepartie J2 présente un risque d’agression du boîtier lors de sa fixation. En effet, lors de l’insertion et de la fixation du boîtier dans la contrepartie par l’opérateur, un contact avec la CP peut provoquer une agression du boîtier. | F6: •Le service Maintenance est intervenu sans résultat durable. Une intervention du fournisseur est requise pour corriger le défaut. En cas de persistance, le service PT devra remplacer la contrepartie par un autre modèle avec une conception adaptée. | G6: HAUTE | H6: Ben ammar fthi | I6: 46323 | J6: En cours | L6: 0.65

Sheet LAD 508 → 583–586 
A1: RAPPORT D'ANOMALIES — LAD 508 → 583–586
A2: Suivi Technique des Contreparties · PTA· Qualité & Performance · Préparé par Hamdi Abdeljawed
A4: # | B4: CONTREPARTIE / COMPOSANT | C4: FOURNISSEUR | D4: PROBLÈME IDENTIFIÉ | E4: DESCRIPTION TECHNIQUE | F4: ACTIONS CORRECTIVES PROPOSÉES | G4: PRIORITÉ | H4: PILOTE | I4: DÉLAI DE CLÔTURE DE L'ACTION | J4: SITUATION | K4: PHOTO | L4: % D'AVANCEMENT
A5: 1 | B5: LAD 508 → 583–586 | C5: VISION INDUSTRIELLE | D5: Défaut d’absence de manomètre pour le contrôle de la pression d’air comprimé | E5: Absence de manomètre permettant de contrôler la pression d’air comprimé. La validation OK au démarrage doit être effectuée à une pression pneumatique définie, mais l’absence de manomètre ne permet pas de vérifier ni de garantir cette condition. | F5: • Une intervention du fournisseur est nécessaire afin d’installer un manomètre adapté et de garantir le contrôle de la pression. | G5: HAUTE | H5: HELMI DALLAGI | I5: 46323 | J5: En cours | L5: 0.3

Sheet PTA Instrument B10 5 036 530
A1: RAPPORT D'ANOMALIES — PTA Instrument B10 5 036 530
A2: Suivi Technique des Contreparties · PTA· Qualité & Performance · Préparé par Hamdi Abdeljawed
A4: # | B4: CONTREPARTIE / COMPOSANT | C4: FOURNISSEUR | D4: PROBLÈME IDENTIFIÉ | E4: DESCRIPTION TECHNIQUE | F4: ACTIONS CORRECTIVES PROPOSÉES | G4: PRIORITÉ | H4: PILOTE | I4: DÉLAI DE CLÔTURE DE L'ACTION | J4: SITUATION | K4: PHOTO | L4: % D'AVANCEMENT
A5: 1 | B5: PTA Instrument B10 5 036 530 | C5: EMDEP | D5: Contrepartie par adhrénce non confrorme | E5: Le PTA Instrument B10 présente des contreparties par adhérence non adaptées à ce type de faisceau à toron volumineux. L’absence de maintien mécanique rend la fixation et la détection des agrafes difficiles et nécessite une manipulation de la part de l’opérateur. Ces CPs sont: CLIP20132, 20133, 20137, 20143, 20138, 20140, 20189, 20173, 20188, 20192, 20139 | F5: • Remplacement par des contreparties plus adaptées, avec maintien mécanique, afin d’assurer une fixation et une détection fiables des agrafes. | G5: HAUTE | H5: Service Technique/PT | I5: 46323 | J5: En cours | L5: 0.4
A6: 1 | B6: PTA Instrument B10 5 036 530 | C6: EMDEP | D6: Goulotte non confome | E6: Contrepartie goulotte nécessitant une intervention manuelle de l’opérateur pour garantir la détection de présence et de couleur. | F6: •Intervention PT requise pour remplacer la contrepartie par un modèle plus adapté. | G6: HAUTE | H6: Service Technique/PT | I6: 46323 | J6: En cours | L6: 0.3

Sheet BOL 702087
A1: RAPPORT D'ANOMALIES — BOL 702087
A2: Suivi Technique des Contreparties · PTA· Qualité & Performance · Préparé par Hamdi Abdeljawed
A4: # | B4: CONTREPARTIE / COMPOSANT | C4: FOURNISSEUR | D4: PROBLÈME IDENTIFIÉ | E4: DESCRIPTION TECHNIQUE | F4: ACTIONS CORRECTIVES PROPOSÉES | G4: PRIORITÉ | H4: PILOTE | I4: DÉLAI DE CLÔTURE DE L'ACTION | J4: SITUATION | K4: PHOTO | L4: % D'AVANCEMENT
A5: 1 | B5: BOL 702087 | C5: EMDEP | D5: Risque de passage de DV semi ouvert | E5: Lors du contrôle, la contrepartie RRX55 présente un risque de passage d’un DV semi-ouvert. La conception actuelle ne prévoit aucun moyen permettant de fermer le DV ou d’assurer sa fermeture complète avant le contrôle. | F5: • Après l’intervention de maintenance, il est nécessaire de remplacer la contrepartie par une nouvelle contrepartie garantissant la fermeture complète et sécurisée du DV | G5: HAUTE | H5: Service Technique/PT | I5: 46323 | J5: En cours | L5: 0.4

Sheet PTA Cabin Princ B10
A1: RAPPORT D'ANOMALIES — PTA Cabin Princ B10
A2: Suivi Technique des Contreparties · PTA· Qualité & Performance · Préparé par Hamdi Abdeljawed
A4: # | B4: CONTREPARTIE / COMPOSANT | C4: FOURNISSEUR | D4: PROBLÈME IDENTIFIÉ | E4: DESCRIPTION TECHNIQUE | F4: ACTIONS CORRECTIVES PROPOSÉES | G4: PRIORITÉ | H4: PILOTE | I4: DÉLAI DE CLÔTURE DE L'ACTION | J4: SITUATION | K4: PHOTO | L4: % D'AVANCEMENT
A5: 1 | B5: Contrepartie Goulotte | C5: EMDEP | D5: Défaut de détection – Goulottes 3 et 4 | E5: Les goulottes 3 et 4 présentent des défauts de détection. Les pins de détection sont présents, mais leur activation nécessite un contact direct avec le boîtier de la goulotte. Cette conception entraîne des difficultés de détection et pousse les opérateurs à shunter les détections. | F5: •Une intervention du service PT est requise afin de revoir la conception de la détection et garantir une activation fiable des pins sans possibilité de shunt par l’opérateur. | G5: HAUTE | H5: Service Technique/PT | I5: 46323 | J5: En cours | L5: 0.4
